{
  "dashboard": {
    "id": null,
    "title": "SLURM Monitoring Dashboard",
    "gnetId": null,
    "graphTooltip": 0,
    "editable": true,
    "hideControls": false,
    "refresh": false,
	"timezone": "browser",
    "version": 0,
    "schemaVersion": 0,
    "style": "dark",
    "time": {
      "from": "now-30m",
      "to": "now"
	},
    "rows": [
      {
        "collapse": false,
        "height": "250px",
        "panels": [
          {
            "aliasColors": {},
            "bars": false,
            "datasource": "SLURM Monitoring",
            "description": "CPU Frequency at time of sample",
            "fill": 1,
            "id": 1,
            "legend": {
              "alignAsTable": true,
              "avg": true,
              "current": false,
              "hideEmpty": false,
              "max": false,
              "min": false,
              "rightSide": false,
              "show": true,
              "total": false,
              "values": true
            },
            "lines": true,
            "linewidth": 1,
            "links": [],
            "nullPointMode": "null",
            "percentage": false,
            "pointradius": 5,
            "points": true,
            "renderer": "flot",
            "seriesOverrides": [],
            "span": 4,
            "stack": false,
            "steppedLine": false,
            "targets": [
              {
                "alias": "",
                "dsType": "influxdb",
                "groupBy": [
                  {
                    "params": [
                      "host"
                    ],
                    "type": "tag"
                  },
                  {
                    "params": [
                      "job"
                    ],
                    "type": "tag"
                  }
                ],
                "measurement": "CPUFrequency",
                "policy": "default",
                "query": "SELECT \"value\"*1000 FROM \"CPUFrequency\" WHERE $timeFilter GROUP BY \"host\", \"job\", \"user_name\"",
                "rawQuery": true,
                "refId": "A",
                "resultFormat": "time_series",
                "select": [
                  [
                    {
                      "params": [
                        "value"
                      ],
                      "type": "field"
                    }
                  ]
                ],
                "tags": []
              }
            ],
            "thresholds": [],
            "timeFrom": null,
            "timeShift": null,
            "title": "CPUFrequency",
            "tooltip": {
              "shared": false,
              "sort": 0,
              "value_type": "individual"
            },
            "type": "graph",
            "xaxis": {
              "mode": "time",
              "name": null,
              "show": true,
              "values": [
                "total"
              ]
            },
            "yaxes": [
              {
                "format": "hertz",
                "label": "",
                "logBase": 1,
                "max": null,
                "min": null,
                "show": true
              },
              {
                "format": "s",
                "label": "",
                "logBase": 1,
                "max": null,
                "min": null,
                "show": false
              }
            ]
          },
          {
            "aliasColors": {},
            "bars": false,
            "datasource": "SLURM Monitoring",
            "description": "Seconds of CPU time used during the sample",
            "fill": 1,
            "id": 2,
            "legend": {
              "alignAsTable": true,
              "avg": true,
              "current": false,
              "hideEmpty": false,
              "max": false,
              "min": false,
              "rightSide": false,
              "show": true,
              "total": false,
              "values": true
            },
            "lines": true,
            "linewidth": 1,
            "links": [],
            "nullPointMode": "null",
            "percentage": false,
            "pointradius": 5,
            "points": true,
            "renderer": "flot",
            "seriesOverrides": [],
            "span": 4,
            "stack": false,
            "steppedLine": false,
            "targets": [
              {
                "dsType": "influxdb",
                "groupBy": [
                  {
                    "params": [
                      "host"
                    ],
                    "type": "tag"
                  },
                  {
                    "params": [
                      "job"
                    ],
                    "type": "tag"
                  }
                ],
                "measurement": "CPUUtilization",
                "policy": "default",
                "query": "SELECT \"value\" FROM \"CPUTime\" WHERE $timeFilter GROUP BY \"host\", \"job\", \"user_name\"",
                "rawQuery": true,
                "refId": "A",
                "resultFormat": "time_series",
                "select": [
                  [
                    {
                      "params": [
                        "value"
                      ],
                      "type": "field"
                    }
                  ]
                ],
                "tags": []
              }
            ],
            "thresholds": [],
            "timeFrom": null,
            "timeShift": null,
            "title": "CPUTime",
            "tooltip": {
              "shared": false,
              "sort": 0,
              "value_type": "individual"
            },
            "type": "graph",
            "xaxis": {
              "mode": "time",
              "name": null,
              "show": true,
              "values": [
                "total"
              ]
            },
            "yaxes": [
              {
                "format": "s",
                "label": "",
                "logBase": 1,
                "max": null,
                "min": null,
                "show": true
              },
              {
                "format": "s",
                "label": "",
                "logBase": 1,
                "max": null,
                "min": null,
                "show": false
              }
            ]
          },
          {
            "aliasColors": {},
            "bars": false,
            "datasource": "SLURM Monitoring",
            "description": "CPU Utilization during the interval",
            "fill": 1,
            "id": 3,
            "legend": {
              "alignAsTable": true,
              "avg": true,
              "current": false,
              "hideEmpty": false,
              "max": false,
              "min": false,
              "rightSide": false,
              "show": true,
              "total": false,
              "values": true
            },
            "lines": true,
            "linewidth": 1,
            "links": [],
            "nullPointMode": "null",
            "percentage": false,
            "pointradius": 5,
            "points": true,
            "renderer": "flot",
            "seriesOverrides": [],
            "span": 4,
            "stack": false,
            "steppedLine": false,
            "targets": [
              {
                "dsType": "influxdb",
                "groupBy": [
                  {
                    "params": [
                      "host"
                    ],
                    "type": "tag"
                  },
                  {
                    "params": [
                      "job"
                    ],
                    "type": "tag"
                  }
                ],
                "measurement": "CPUUtilization",
                "policy": "default",
                "query": "SELECT \"value\" FROM \"CPUUtilization\" WHERE $timeFilter GROUP BY \"host\", \"job\", \"user_name\"",
                "rawQuery": true,
                "refId": "A",
                "resultFormat": "time_series",
                "select": [
                  [
                    {
                      "params": [
                        "value"
                      ],
                      "type": "field"
                    }
                  ]
                ],
                "tags": []
              }
            ],
            "thresholds": [],
            "timeFrom": null,
            "timeShift": null,
            "title": "CPUUtilization",
            "tooltip": {
              "shared": false,
              "sort": 0,
              "value_type": "individual"
            },
            "type": "graph",
            "xaxis": {
              "mode": "time",
              "name": null,
              "show": true,
              "values": [
                "total"
              ]
            },
            "yaxes": [
              {
                "format": "percent",
                "label": "",
                "logBase": 1,
                "max": null,
                "min": null,
                "show": true
              },
              {
                "format": "s",
                "label": "",
                "logBase": 1,
                "max": null,
                "min": null,
                "show": false
              }
            ]
          }
        ],
        "repeat": null,
        "repeatIteration": null,
        "repeatRowId": null,
        "showTitle": false,
        "title": "Dashboard Row",
        "titleSize": "h6"
      },
      {
        "collapse": false,
        "height": 250,
        "panels": [
          {
            "aliasColors": {},
            "bars": false,
            "datasource": "SLURM Monitoring",
            "description": "Pages used in sample",
            "fill": 1,
            "id": 4,
            "legend": {
              "alignAsTable": true,
              "avg": true,
              "current": false,
              "hideEmpty": false,
              "max": false,
              "min": false,
              "rightSide": false,
              "show": true,
              "total": false,
              "values": true
            },
            "lines": true,
            "linewidth": 1,
            "links": [],
            "nullPointMode": "null",
            "percentage": false,
            "pointradius": 5,
            "points": true,
            "renderer": "flot",
            "seriesOverrides": [],
            "span": 4,
            "stack": false,
            "steppedLine": false,
            "targets": [
              {
                "alias": "",
                "dsType": "influxdb",
                "groupBy": [
                  {
                    "params": [
                      "host"
                    ],
                    "type": "tag"
                  },
                  {
                    "params": [
                      "job"
                    ],
                    "type": "tag"
                  }
                ],
                "measurement": "CPUFrequency",
                "policy": "default",
                "query": "SELECT \"value\" FROM \"Pages\" WHERE $timeFilter GROUP BY \"host\", \"job\", \"user_name\"",
                "rawQuery": true,
                "refId": "A",
                "resultFormat": "time_series",
                "select": [
                  [
                    {
                      "params": [
                        "value"
                      ],
                      "type": "field"
                    }
                  ]
                ],
                "tags": []
              }
            ],
            "thresholds": [],
            "timeFrom": null,
            "timeShift": null,
            "title": "Pages",
            "tooltip": {
              "shared": false,
              "sort": 0,
              "value_type": "individual"
            },
            "type": "graph",
            "xaxis": {
              "mode": "time",
              "name": null,
              "show": true,
              "values": [
                "total"
              ]
            },
            "yaxes": [
              {
                "format": "none",
                "label": "",
                "logBase": 1,
                "max": null,
                "min": null,
                "show": true
              },
              {
                "format": "s",
                "label": "",
                "logBase": 1,
                "max": null,
                "min": null,
                "show": false
              }
            ]
          },
          {
            "aliasColors": {},
            "bars": false,
            "datasource": "SLURM Monitoring",
            "description": "Value of RSS at time of sample",
            "fill": 1,
            "id": 5,
            "legend": {
              "alignAsTable": true,
              "avg": true,
              "current": false,
              "hideEmpty": false,
              "max": false,
              "min": false,
              "rightSide": false,
              "show": true,
              "total": false,
              "values": true
            },
            "lines": true,
            "linewidth": 1,
            "links": [],
            "nullPointMode": "null",
            "percentage": false,
            "pointradius": 5,
            "points": true,
            "renderer": "flot",
            "seriesOverrides": [],
            "span": 4,
            "stack": false,
            "steppedLine": false,
            "targets": [
              {
                "alias": "",
                "dsType": "influxdb",
                "groupBy": [
                  {
                    "params": [
                      "host"
                    ],
                    "type": "tag"
                  },
                  {
                    "params": [
                      "job"
                    ],
                    "type": "tag"
                  }
                ],
                "measurement": "CPUFrequency",
                "policy": "default",
                "query": "SELECT \"value\" FROM \"RSS\" WHERE $timeFilter GROUP BY \"host\", \"job\", \"user_name\"",
                "rawQuery": true,
                "refId": "A",
                "resultFormat": "time_series",
                "select": [
                  [
                    {
                      "params": [
                        "value"
                      ],
                      "type": "field"
                    }
                  ]
                ],
                "tags": []
              }
            ],
            "thresholds": [],
            "timeFrom": null,
            "timeShift": null,
            "title": "RSS",
            "tooltip": {
              "shared": false,
              "sort": 0,
              "value_type": "individual"
            },
            "type": "graph",
            "xaxis": {
              "mode": "time",
              "name": null,
              "show": true,
              "values": [
                "total"
              ]
            },
            "yaxes": [
              {
                "format": "none",
                "label": "",
                "logBase": 1,
                "max": null,
                "min": null,
                "show": true
              },
              {
                "format": "s",
                "label": "",
                "logBase": 1,
                "max": null,
                "min": null,
                "show": false
              }
            ]
          },
          {
            "aliasColors": {},
            "bars": false,
            "datasource": "SLURM Monitoring",
            "description": "Value of VM Size at time of sample",
            "fill": 1,
            "id": 6,
            "legend": {
              "alignAsTable": true,
              "avg": true,
              "current": false,
              "hideEmpty": false,
              "max": false,
              "min": false,
              "rightSide": false,
              "show": true,
              "total": false,
              "values": true
            },
            "lines": true,
            "linewidth": 1,
            "links": [],
            "nullPointMode": "null",
            "percentage": false,
            "pointradius": 5,
            "points": true,
            "renderer": "flot",
            "seriesOverrides": [],
            "span": 4,
            "stack": false,
            "steppedLine": false,
            "targets": [
              {
                "alias": "",
                "dsType": "influxdb",
                "groupBy": [
                  {
                    "params": [
                      "host"
                    ],
                    "type": "tag"
                  },
                  {
                    "params": [
                      "job"
                    ],
                    "type": "tag"
                  }
                ],
                "measurement": "CPUFrequency",
                "policy": "default",
                "query": "SELECT \"value\" FROM \"VMSize\" WHERE $timeFilter GROUP BY \"host\", \"job\", \"user_name\"",
                "rawQuery": true,
                "refId": "A",
                "resultFormat": "time_series",
                "select": [
                  [
                    {
                      "params": [
                        "value"
                      ],
                      "type": "field"
                    }
                  ]
                ],
                "tags": []
              }
            ],
            "thresholds": [],
            "timeFrom": null,
            "timeShift": null,
            "title": "VMSize",
            "tooltip": {
              "shared": false,
              "sort": 0,
              "value_type": "individual"
            },
            "type": "graph",
            "xaxis": {
              "mode": "time",
              "name": null,
              "show": true,
              "values": [
                "total"
              ]
            },
            "yaxes": [
              {
                "format": "none",
                "label": "",
                "logBase": 1,
                "max": null,
                "min": null,
                "show": true
              },
              {
                "format": "s",
                "label": "",
                "logBase": 1,
                "max": null,
                "min": null,
                "show": false
              }
            ]
          }
        ],
        "repeat": null,
        "repeatIteration": null,
        "repeatRowId": null,
        "showTitle": false,
        "title": "Dashboard Row",
        "titleSize": "h6"
      },
      {
        "collapse": false,
        "height": 250,
        "panels": [
          {
            "aliasColors": {},
            "bars": false,
            "datasource": "SLURM Monitoring",
            "description": "Number of megabytes read from local disk",
            "fill": 1,
            "id": 7,
            "legend": {
              "alignAsTable": true,
              "avg": true,
              "current": false,
              "hideEmpty": false,
              "max": false,
              "min": false,
              "rightSide": false,
              "show": true,
              "total": false,
              "values": true
            },
            "lines": true,
            "linewidth": 1,
            "links": [],
            "nullPointMode": "null",
            "percentage": false,
            "pointradius": 5,
            "points": true,
            "renderer": "flot",
            "seriesOverrides": [],
            "span": 6,
            "stack": false,
            "steppedLine": false,
            "targets": [
              {
                "alias": "",
                "dsType": "influxdb",
                "groupBy": [
                  {
                    "params": [
                      "host"
                    ],
                    "type": "tag"
                  },
                  {
                    "params": [
                      "job"
                    ],
                    "type": "tag"
                  }
                ],
                "measurement": "CPUFrequency",
                "policy": "default",
                "query": "SELECT \"value\" FROM \"ReadMB\" WHERE $timeFilter GROUP BY \"host\", \"job\", \"user_name\"",
                "rawQuery": true,
                "refId": "A",
                "resultFormat": "time_series",
                "select": [
                  [
                    {
                      "params": [
                        "value"
                      ],
                      "type": "field"
                    }
                  ]
                ],
                "tags": []
              }
            ],
            "thresholds": [],
            "timeFrom": null,
            "timeShift": null,
            "title": "ReadMB",
            "tooltip": {
              "shared": false,
              "sort": 0,
              "value_type": "individual"
            },
            "type": "graph",
            "xaxis": {
              "mode": "time",
              "name": null,
              "show": true,
              "values": [
                "total"
              ]
            },
            "yaxes": [
              {
                "format": "decmbytes",
                "label": "",
                "logBase": 1,
                "max": null,
                "min": null,
                "show": true
              },
              {
                "format": "s",
                "label": "",
                "logBase": 1,
                "max": null,
                "min": null,
                "show": false
              }
            ]
          },
          {
            "aliasColors": {},
            "bars": false,
            "datasource": "SLURM Monitoring",
            "description": "Number of megabytes written to local disk",
            "fill": 1,
            "id": 8,
            "legend": {
              "alignAsTable": true,
              "avg": true,
              "current": false,
              "hideEmpty": false,
              "max": false,
              "min": false,
              "rightSide": false,
              "show": true,
              "total": false,
              "values": true
            },
            "lines": true,
            "linewidth": 1,
            "links": [],
            "nullPointMode": "null",
            "percentage": false,
            "pointradius": 5,
            "points": true,
            "renderer": "flot",
            "seriesOverrides": [],
            "span": 6,
            "stack": false,
            "steppedLine": false,
            "targets": [
              {
                "alias": "",
                "dsType": "influxdb",
                "groupBy": [
                  {
                    "params": [
                      "host"
                    ],
                    "type": "tag"
                  },
                  {
                    "params": [
                      "job"
                    ],
                    "type": "tag"
                  }
                ],
                "measurement": "CPUFrequency",
                "policy": "default",
                "query": "SELECT \"value\" FROM \"WriteMB\" WHERE $timeFilter GROUP BY \"host\", \"job\", \"user_name\"",
                "rawQuery": true,
                "refId": "A",
                "resultFormat": "time_series",
                "select": [
                  [
                    {
                      "params": [
                        "value"
                      ],
                      "type": "field"
                    }
                  ]
                ],
                "tags": []
              }
            ],
            "thresholds": [],
            "timeFrom": null,
            "timeShift": null,
            "title": "WriteMB",
            "tooltip": {
              "shared": false,
              "sort": 0,
              "value_type": "individual"
            },
            "type": "graph",
            "xaxis": {
              "mode": "time",
              "name": null,
              "show": true,
              "values": [
                "total"
              ]
            },
            "yaxes": [
              {
                "format": "decmbytes",
                "label": "",
                "logBase": 1,
                "max": null,
                "min": null,
                "show": true
              },
              {
                "format": "s",
                "label": "",
                "logBase": 1,
                "max": null,
                "min": null,
                "show": false
              }
            ]
          }
        ],
        "repeat": null,
        "repeatIteration": null,
        "repeatRowId": null,
        "showTitle": false,
        "title": "Dashboard Row",
        "titleSize": "h6"
      }
    ]
  },
  "overwrite": false
}